species	dist	ObsDato	numbers	year	week	month
Pinkfoot	6632.708054775743	2014-09-19T11:20:00Z	1	2014	38	9
Pinkfoot	1487.4006038579691	2014-09-21T11:40:00Z	2	2014	38	9
Pinkfoot	943.4292367991521	2014-09-21T11:45:00Z	745	2014	38	9
Pinkfoot	1121.9615078306076	2014-09-21T12:00:00Z	540	2014	38	9
Pinkfoot	1142.6023842021114	2014-09-21T12:15:00Z	760	2014	38	9
Pinkfoot	1490.088658667656	2014-09-21T12:30:00Z	140	2014	38	9
Pinkfoot	2285.182967786075	2014-09-21T12:45:00Z	280	2014	38	9
Pinkfoot	2842.515849156292	2014-09-21T13:00:00Z	410	2014	38	9
Pinkfoot	7747.822971379003	2014-09-22T11:33:00Z	4	2014	38	9
Pinkfoot	4345.846235956199	2014-09-22T16:05:00Z	18	2014	38	9
Pinkfoot	7052.599802236531	2014-09-22T16:25:00Z	48	2014	38	9
Pinkfoot	3357.462018701152	2014-09-22T16:50:00Z	175	2014	38	9
Pinkfoot	1808.632792973462	2014-09-22T17:30:00Z	1760	2014	38	9
Pinkfoot	1614.771192384775	2014-09-22T17:30:00Z	970	2014	38	9
Pinkfoot	939.0559068437328	2014-09-22T18:45:00Z	3570	2014	38	9
Pinkfoot	1086.5578923860921	2014-09-22T19:00:00Z	160	2014	38	9
Pinkfoot	1987.0625011818022	2014-09-23T07:15:00Z	1080	2014	38	9
Pinkfoot	2072.591130228426	2014-09-23T07:30:00Z	2250	2014	38	9
Pinkfoot	1384.891188096155	2014-09-23T08:00:00Z	1920	2014	38	9
Pinkfoot	1133.7829631980549	2014-09-23T08:00:00Z	580	2014	38	9
Pinkfoot	805.8729907226377	2014-09-23T08:30:00Z	830	2014	38	9
Pinkfoot	606.7760259639352	2014-09-23T08:30:00Z	1500	2014	38	9
Pinkfoot	4589.0314323127395	2014-09-23T09:30:00Z	595	2014	38	9
Pinkfoot	3079.525085445721	2014-09-23T10:05:00Z	420	2014	38	9
Pinkfoot	7901.532970764001	2014-09-23T10:50:00Z	99	2014	38	9
Pinkfoot	8398.51459484814	2014-09-23T11:10:00Z	1	2014	38	9
Pinkfoot	7558.003053569878	2014-09-23T14:10:00Z	59	2014	38	9
Pinkfoot	4806.434756014128	2014-09-23T14:40:00Z	260	2014	38	9
Pinkfoot	1975.9223013481724	2014-09-23T15:50:00Z	2	2014	38	9
Pinkfoot	1077.4317552883801	2014-09-23T16:00:00Z	260	2014	38	9
Pinkfoot	1080.6162221243562	2014-09-23T16:00:00Z	390	2014	38	9
Pinkfoot	900.4425315272114	2014-09-23T16:00:00Z	3930	2014	38	9
Pinkfoot	7637.9429187408105	2014-09-24T16:15:00Z	73	2014	39	9
Pinkfoot	8395.703020666298	2014-09-24T16:40:00Z	19	2014	39	9
Pinkfoot	7660.769278065358	2014-09-24T16:55:00Z	6	2014	39	9
Pinkfoot	5819.147318172391	2014-09-24T17:15:00Z	215	2014	39	9
Pinkfoot	1075.8211137394198	2014-09-24T17:40:00Z	1710	2014	39	9
Pinkfoot	4447.954023746633	2014-09-25T09:35:00Z	6	2014	39	9
Pinkfoot	8280.663152080215	2014-09-25T10:05:00Z	185	2014	39	9
Pinkfoot	10072.409646200169	2014-09-25T10:25:00Z	57	2014	39	9
Pinkfoot	8231.011985908553	2014-09-25T10:35:00Z	550	2014	39	9
Pinkfoot	8839.33867492318	2014-09-25T10:40:00Z	45	2014	39	9
Pinkfoot	9008.233992777195	2014-09-25T11:30:00Z	665	2014	39	9
Pinkfoot	8451.825746422912	2014-09-25T12:05:00Z	3520	2014	39	9
Pinkfoot	8504.794309112394	2014-09-25T14:35:00Z	675	2014	39	9
Pinkfoot	7678.762701350508	2014-09-25T15:20:00Z	105	2014	39	9
Pinkfoot	7652.07495655299	2014-09-25T15:35:00Z	76	2014	39	9
Pinkfoot	8394.81618650425	2014-09-25T15:40:00Z	3	2014	39	9
Pinkfoot	7656.759065118086	2014-09-26T14:45:00Z	231	2014	39	9
Pinkfoot	9284.509525360492	2014-09-26T15:10:00Z	125	2014	39	9
Pinkfoot	9347.598982763968	2014-09-26T15:25:00Z	5	2014	39	9
Pinkfoot	7737.084644857747	2014-09-26T15:00:00Z	370	2014	39	9
Pinkfoot	4983.2424661456635	2014-09-26T16:05:00Z	880	2014	39	9
Pinkfoot	2631.198142433544	2014-09-26T16:50:00Z	3	2014	39	9
Pinkfoot	9253.887845411453	2014-09-27T10:55:00Z	170	2014	39	9
Pinkfoot	5015.970089151252	2014-09-27T11:55:00Z	710	2014	39	9
Pinkfoot	5707.346291171818	2014-09-27T12:05:00Z	195	2014	39	9
Pinkfoot	8075.044117475118	2014-09-27T12:30:00Z	1930	2014	39	9
Pinkfoot	10157.374457048847	2014-09-27T13:15:00Z	2830	2014	39	9
Pinkfoot	8841.833784235816	2014-09-28T13:35:00Z	520	2014	39	9
Pinkfoot	7423.659735787812	2014-09-28T14:05:00Z	12	2014	39	9
Pinkfoot	4285.049328816866	2014-09-28T16:15:00Z	42	2014	39	9
Pinkfoot	1171.049068771512	2014-09-29T09:25:00Z	9550	2014	39	9
Pinkfoot	9686.409808583603	2014-09-29T11:50:00Z	24	2014	39	9
Pinkfoot	9720.692639197197	2014-09-29T11:50:00Z	910	2014	39	9
Pinkfoot	9361.294719631465	2014-09-29T12:05:00Z	1330	2014	39	9
Pinkfoot	8996.441283885026	2014-09-29T13:30:00Z	1430	2014	39	9
Pinkfoot	6422.650490362605	2014-09-30T14:15:00Z	8	2014	39	9
Pinkfoot	1766.5583320298235	2014-09-30T15:40:00Z	76	2014	39	9
Pinkfoot	1066.75181203447	2014-09-30T15:50:00Z	320	2014	39	9
Pinkfoot	4095.168311950495	2014-09-30T16:20:00Z	27	2014	39	9
Pinkfoot	6393.323663759722	2014-09-30T17:20:00Z	10	2014	39	9
Pinkfoot	8100.127633968138	2014-10-01T14:00:00Z	2830	2014	40	10
Pinkfoot	8056.656284644133	2014-10-01T14:00:00Z	260	2014	40	10
Pinkfoot	5665.236801781635	2014-10-01T14:40:00Z	2020	2014	40	10
Pinkfoot	5749.300050261813	2014-10-01T14:40:00Z	1560	2014	40	10
Pinkfoot	5589.364136250386	2014-09-30T15:00:00Z	3980	2014	39	9
Pinkfoot	7449.55908531967	2014-10-02T16:15:00Z	805	2014	40	10
Pinkfoot	7261.881577861185	2014-10-03T14:55:00Z	92	2014	40	10
Pinkfoot	872.7426706777734	2014-10-09T08:20:00Z	2440	2014	41	10
Pinkfoot	739.7875435121488	2014-10-09T08:40:00Z	120	2014	41	10
Pinkfoot	11776.882432943059	2014-10-09T09:10:00Z	840	2014	41	10
Pinkfoot	11777.602045773576	2014-10-09T09:25:00Z	2100	2014	41	10
Pinkfoot	1411.4681875792235	2014-10-11T08:20:00Z	310	2014	41	10
Pinkfoot	704.1047091367009	2014-10-11T08:40:00Z	1150	2014	41	10
Pinkfoot	1094.3202184091067	2014-10-11T08:50:00Z	700	2014	41	10
Pinkfoot	12507.785901822712	2014-10-11T15:50:00Z	31	2014	41	10
Pinkfoot	12371.417809678689	2014-10-11T15:50:00Z	180	2014	41	10
Pinkfoot	5514.09431858706	2014-10-11T16:35:00Z	1115	2014	41	10
Pinkfoot	8350.361956867095	2014-10-11T17:30:00Z	2	2014	41	10
Pinkfoot	3343.465358221186	2014-10-13T14:00:00Z	24	2014	41	10
Pinkfoot	8696.993679293804	2014-10-13T14:50:00Z	78	2014	41	10
Pinkfoot	7914.093624991729	2014-10-13T15:50:00Z	18	2014	41	10
Pinkfoot	11041.015861557953	2014-10-14T09:20:00Z	550	2014	41	10
Pinkfoot	13783.687826534335	2014-10-14T10:00:00Z	470	2014	41	10
Pinkfoot	8324.71996577111	2014-10-14T12:30:00Z	2	2014	41	10
Pinkfoot	6268.380708742069	2014-10-14T13:10:00Z	28	2014	41	10
Pinkfoot	8152.358177494135	2014-10-15T13:55:00Z	14	2014	42	10
Pinkfoot	8272.388120744605	2014-10-16T10:25:00Z	2	2014	42	10
Pinkfoot	1468.1652913015137	2014-10-16T17:15:00Z	360	2014	42	10
Pinkfoot	11435.215353294203	2014-10-18T14:20:00Z	330	2014	42	10
Pinkfoot	8324.633593326476	2014-10-18T15:30:00Z	6	2014	42	10
Pinkfoot	4903.124377965699	2014-10-20T12:05:00Z	43	2014	42	10
Pinkfoot	4989.568851041536	2014-10-21T10:30:00Z	44	2014	42	10
Pinkfoot	4842.426355858224	2014-10-21T10:45:00Z	3	2014	42	10
Pinkfoot	8005.606650180627	2014-10-22T10:25:00Z	740	2014	43	10
Pinkfoot	4916.075158874559	2014-10-22T11:05:00Z	225	2014	43	10
Pinkfoot	6884.88655437056	2014-10-23T15:05:00Z	610	2014	43	10
Pinkfoot	4777.984248683669	2014-10-24T15:35:00Z	810	2014	43	10
Pinkfoot	3091.907527682596	2014-10-25T15:25:00Z	20	2014	43	10
Pinkfoot	681.2189732878039	2014-10-26T07:15:00Z	2130	2014	43	10
Pinkfoot	12229.15913563056	2014-10-26T08:05:00Z	80	2014	43	10
Pinkfoot	12411.040725869221	2014-10-26T08:20:00Z	655	2014	43	10
Pinkfoot	12145.549595549777	2014-10-26T07:20:00Z	780	2014	43	10
Pinkfoot	11030.956552048072	2014-10-26T09:50:00Z	200	2014	43	10
Pinkfoot	4949.383440174638	2014-10-27T09:35:00Z	75	2014	43	10
Pinkfoot	9911.194186293405	2014-10-28T14:00:00Z	53	2014	43	10
Pinkfoot	814.351496160541	2014-10-29T07:25:00Z	830	2014	44	10
Pinkfoot	1114.0034765069192	2014-10-29T07:45:00Z	840	2014	44	10
Pinkfoot	897.1434858373215	2014-11-02T17:15:00Z	1815	2014	44	11
Pinkfoot	6502.288000834436	2014-11-03T02:10:00Z	6	2014	44	11
Pinkfoot	8034.577197055434	2014-11-04T13:45:00Z	4	2014	44	11
Pinkfoot	933.913858902275	2015-09-22T15:20:00Z	320	2015	38	9
Pinkfoot	8056.15688774318	2015-09-25T08:15:00Z	95	2015	39	9
Pinkfoot	8616.79944066537	2015-09-25T09:50:00Z	690	2015	39	9
Pinkfoot	1961.1237279797817	2015-09-25T11:05:00Z	28	2015	39	9
Pinkfoot	1214.4257050407452	2015-09-26T11:05:00Z	1230	2015	39	9
Pinkfoot	3590.520783963977	2015-09-27T09:00:00Z	345	2015	39	9
Pinkfoot	889.9730156995201	2015-09-27T09:35:00Z	185	2015	39	9
Pinkfoot	426.12846031920134	2015-09-27T09:50:00Z	710	2015	39	9
Pinkfoot	9780.548221781524	2015-09-27T10:05:00Z	5050	2015	39	9
Pinkfoot	1231.5331050320353	2015-09-28T08:00:00Z	2860	2015	39	9
Pinkfoot	10044.258071804603	2015-09-28T09:40:00Z	2020	2015	39	9
Pinkfoot	4145.738313512923	2015-09-28T16:50:00Z	1470	2015	39	9
Pinkfoot	3522.0495187578194	2015-09-29T08:00:00Z	500	2015	39	9
Pinkfoot	2623.607202913395	2015-09-29T08:30:00Z	80	2015	39	9
Pinkfoot	3428.646736853219	2015-09-29T08:40:00Z	12	2015	39	9
Pinkfoot	4297.923961771954	2015-09-29T08:50:00Z	135	2015	39	9
Pinkfoot	1049.8971268911394	2015-09-29T09:05:00Z	1510	2015	39	9
Pinkfoot	9867.746123397406	2015-09-30T14:20:00Z	1450	2015	39	9
Pinkfoot	8891.676247929665	2015-09-30T15:10:00Z	1620	2015	39	9
Pinkfoot	8347.32115268823	2015-09-30T16:00:00Z	2650	2015	39	9
Pinkfoot	1074.9263819207442	2015-09-30T16:35:00Z	380	2015	39	9
Pinkfoot	6714.387397302549	2015-10-02T14:05:00Z	26	2015	40	10
Pinkfoot	8841.284893075237	2015-10-02T14:25:00Z	1080	2015	40	10
Pinkfoot	8939.481964252986	2015-10-02T14:25:00Z	440	2015	40	10
Pinkfoot	9074.446992912433	2015-10-02T14:25:00Z	210	2015	40	10
Pinkfoot	4457.077542369438	2015-10-02T15:35:00Z	19	2015	40	10
Pinkfoot	4193.502703291869	2015-10-02T16:10:00Z	620	2015	40	10
Pinkfoot	8042.193036347772	2015-10-02T17:00:00Z	2200	2015	40	10
Pinkfoot	7208.588254674981	2015-10-03T08:35:00Z	1860	2015	40	10
Pinkfoot	8926.076873838017	2015-10-03T10:35:00Z	2450	2015	40	10
Pinkfoot	900.8724575541858	2015-10-03T13:30:00Z	570	2015	40	10
Pinkfoot	7774.763220121565	2015-10-05T14:10:00Z	5	2015	40	10
Pinkfoot	6825.764529543369	2015-10-05T13:00:00Z	10	2015	40	10
Pinkfoot	4848.805855072308	2015-10-05T14:45:00Z	145	2015	40	10
Pinkfoot	6753.681824094767	2015-10-05T15:10:00Z	480	2015	40	10
Pinkfoot	8174.5846052665565	2015-10-05T15:30:00Z	47	2015	40	10
Pinkfoot	4719.094387230162	2015-10-05T16:05:00Z	660	2015	40	10
Pinkfoot	834.5542608398856	2015-10-05T16:30:00Z	1070	2015	40	10
Pinkfoot	886.0536960074369	2015-10-05T17:15:00Z	280	2015	40	10
Pinkfoot	9995.769310012858	2015-10-06T15:20:00Z	90	2015	40	10
Pinkfoot	8308.21665926096	2015-10-06T15:40:00Z	1540	2015	40	10
Pinkfoot	4682.816872880822	2015-10-06T16:35:00Z	650	2015	40	10
Pinkfoot	5136.233219898407	2015-10-06T16:50:00Z	1280	2015	40	10
Pinkfoot	3047.4643140259755	2015-10-06T18:00:00Z	2800	2015	40	10
Pinkfoot	7949.899238423006	2015-10-07T12:05:00Z	9	2015	40	10
Pinkfoot	7781.974164562246	2015-10-07T12:10:00Z	16	2015	40	10
Pinkfoot	7687.639163937958	2015-10-08T12:35:00Z	92	2015	41	10
Pinkfoot	9298.231364667035	2015-10-08T12:50:00Z	12	2015	41	10
Pinkfoot	7779.259490913366	2015-10-08T13:50:00Z	430	2015	41	10
Pinkfoot	8003.933568283964	2015-10-08T13:50:00Z	980	2015	41	10
Pinkfoot	2471.3096495160185	2015-10-08T15:40:00Z	23	2015	41	10
Pinkfoot	4191.9029703031665	2015-10-08T16:00:00Z	140	2015	41	10
Pinkfoot	4625.661882079889	2015-10-08T16:40:00Z	4e3	2015	41	10
Pinkfoot	5716.4275197683555	2015-10-08T17:25:00Z	38	2015	41	10
Pinkfoot	5778.80656156591	2015-10-08T17:25:00Z	370	2015	41	10
Pinkfoot	7633.182880557311	2015-10-09T13:25:00Z	160	2015	41	10
Pinkfoot	9332.684924695852	2015-10-09T13:40:00Z	2	2015	41	10
Pinkfoot	5762.9563296935385	2015-10-09T14:15:00Z	70	2015	41	10
Pinkfoot	7231.614225365362	2015-10-09T14:50:00Z	280	2015	41	10
Pinkfoot	7480.414705874096	2015-10-09T15:15:00Z	1150	2015	41	10
Pinkfoot	4689.813040747257	2015-10-09T15:50:00Z	2400	2015	41	10
Pinkfoot	4749.926087651484	2015-10-09T16:15:00Z	2520	2015	41	10
Pinkfoot	6449.1778489986555	2015-10-10T14:15:00Z	6	2015	41	10
Pinkfoot	7247.055832572711	2015-10-10T15:55:00Z	255	2015	41	10
Pinkfoot	12206.164344875817	2015-10-10T16:35:00Z	950	2015	41	10
Pinkfoot	8473.79683919209	2015-10-10T17:20:00Z	1340	2015	41	10
Pinkfoot	8085.380333175068	2015-10-10T17:55:00Z	1540	2015	41	10
Pinkfoot	6072.41222789966	2015-10-11T12:40:00Z	1490	2015	41	10
Pinkfoot	9446.540084795763	2015-10-11T14:10:00Z	250	2015	41	10
Pinkfoot	4606.466924470225	2015-10-13T13:40:00Z	1330	2015	41	10
Pinkfoot	7891.0283648589675	2015-10-13T14:55:00Z	260	2015	41	10
Pinkfoot	12062.67644559958	2015-10-13T15:25:00Z	1400	2015	41	10
Pinkfoot	12047.75081644073	2015-10-13T15:55:00Z	1450	2015	41	10
Pinkfoot	11779.288791256055	2015-10-13T15:55:00Z	3700	2015	41	10
Pinkfoot	1387.1917158424471	2015-10-14T13:15:00Z	515	2015	41	10
Pinkfoot	4502.841376605291	2015-10-14T13:45:00Z	270	2015	41	10
Pinkfoot	4567.880338505387	2015-10-14T14:35:00Z	1480	2015	41	10
Pinkfoot	11710.919752443664	2015-10-14T15:45:00Z	2230	2015	41	10
Pinkfoot	1576.0920897853703	2015-10-16T16:45:00Z	1020	2015	42	10
Pinkfoot	861.2603409647908	2015-10-16T17:25:00Z	1780	2015	42	10
Pinkfoot	9960.90321030486	2015-10-17T12:40:00Z	94	2015	42	10
Pinkfoot	1626.9514117628617	2015-10-18T08:00:00Z	710	2015	42	10
Pinkfoot	1247.2609689222772	2015-10-18T08:25:00Z	3160	2015	42	10
Pinkfoot	14033.871810780052	2015-10-18T10:00:00Z	2e3	2015	42	10
Pinkfoot	6539.612768497231	2015-10-18T13:35:00Z	155	2015	42	10
Pinkfoot	6547.274732212574	2015-10-18T14:30:00Z	1e3	2015	42	10
Pinkfoot	8372.724027521454	2015-10-18T15:25:00Z	2100	2015	42	10
Pinkfoot	11757.856139420932	2015-10-20T08:45:00Z	380	2015	42	10
Pinkfoot	9929.70014669992	2015-10-20T10:00:00Z	72	2015	42	10
Pinkfoot	1048.8987211761687	2015-10-20T17:30:00Z	620	2015	42	10
Pinkfoot	1047.855786402458	2015-10-21T08:05:00Z	630	2015	42	10
Pinkfoot	8799.719867825637	2015-10-21T10:25:00Z	1600	2015	42	10
Pinkfoot	6236.14824535913	2015-10-21T10:40:00Z	840	2015	42	10
Pinkfoot	7912.974162730339	2015-10-21T11:30:00Z	120	2015	42	10
Pinkfoot	8080.308976753593	2015-10-21T11:45:00Z	2	2015	42	10
Pinkfoot	7242.054783821371	2015-10-21T11:50:00Z	31	2015	42	10
Pinkfoot	7603.995498103477	2015-10-23T13:35:00Z	22	2015	43	10
Pinkfoot	8892.682941442932	2015-10-23T15:10:00Z	860	2015	43	10
Pinkfoot	6674.997978936163	2015-10-23T15:35:00Z	1300	2015	43	10
Pinkfoot	937.7050330533955	2015-10-23T17:25:00Z	470	2015	43	10
Pinkfoot	1092.899439411033	2015-10-24T08:30:00Z	2100	2015	43	10
Pinkfoot	14092.614416477143	2015-10-24T10:25:00Z	1460	2015	43	10
Pinkfoot	7594.1381709545985	2015-10-24T12:32:00Z	10	2015	43	10
Pinkfoot	7608.398304535712	2015-10-26T13:50:00Z	10	2015	43	10
Pinkfoot	8075.669154774459	2015-10-26T14:50:00Z	1200	2015	43	10
Pinkfoot	929.4172945289617	2015-10-26T16:20:00Z	180	2015	43	10
Pinkfoot	7643.469881747597	2015-10-27T15:30:00Z	4	2015	43	10
Pinkfoot	8725.86006442529	2015-10-28T08:20:00Z	830	2015	43	10
Pinkfoot	6483.565703411498	2015-10-28T09:15:00Z	1150	2015	43	10
Pinkfoot	7216.932844359168	2015-10-28T16:35:00Z	320	2015	43	10
Pinkfoot	1940.084768334466	2015-10-30T07:30:00Z	3e3	2015	44	10
Pinkfoot	6220.908567728517	2015-10-30T09:35:00Z	770	2015	44	10
Pinkfoot	6478.4009823415345	2015-10-30T10:30:00Z	47	2015	44	10
Pinkfoot	6140.10219253077	2015-10-31T10:45:00Z	420	2015	44	10
Pinkfoot	7745.710288020619	2015-11-02T14:45:00Z	1	2015	44	11
Pinkfoot	10074.760006009365	2015-11-03T09:40:00Z	1290	2015	44	11
Pinkfoot	1549.3835221938648	2015-11-03T07:20:00Z	1860	2015	44	11
Pinkfoot	556.5134724594749	2016-09-16T07:00:00Z	390	2016	38	9
Pinkfoot	7940.336762720131	2016-09-16T07:50:00Z	24	2016	38	9
Pinkfoot	1785.4613838240166	2016-09-19T15:05:00Z	106	2016	38	9
Pinkfoot	1160.901152217353	2016-09-19T16:50:00Z	425	2016	38	9
Pinkfoot	1462.8320858947316	2016-09-19T17:10:00Z	51	2016	38	9
Pinkfoot	1264.030615427649	2016-09-19T17:20:00Z	31	2016	38	9
Pinkfoot	1045.6189110490293	2016-09-19T17:45:00Z	65	2016	38	9
Pinkfoot	960.8344305180526	2016-09-20T07:00:00Z	280	2016	38	9
Pinkfoot	5893.038103504476	2016-09-20T07:55:00Z	38	2016	38	9
Pinkfoot	675.8419341281474	2016-09-22T07:25:00Z	900	2016	38	9
Pinkfoot	1869.2688649799852	2016-09-22T07:35:00Z	910	2016	38	9
Pinkfoot	1991.6037256523618	2016-09-22T09:00:00Z	300	2016	38	9
Pinkfoot	1907.9701738111412	2016-09-23T08:40:00Z	900	2016	39	9
Pinkfoot	1863.1475035299968	2016-09-23T08:40:00Z	300	2016	39	9
Pinkfoot	2671.9800475220486	2016-09-26T09:30:00Z	270	2016	39	9
Pinkfoot	9865.59650420611	2016-09-27T09:00:00Z	305	2016	39	9
Pinkfoot	11686.148080694451	2016-09-27T09:35:00Z	59	2016	39	9
Pinkfoot	4956.976991929874	2016-09-27T10:00:00Z	330	2016	39	9
Pinkfoot	1723.3628926154774	2016-09-27T11:05:00Z	6	2016	39	9
Pinkfoot	9892.408709063457	2016-09-30T09:45:00Z	155	2016	40	9
Pinkfoot	8178.449340554389	2016-09-30T10:25:00Z	17	2016	40	9
Pinkfoot	1467.2696755351	2016-10-03T13:30:00Z	330	2016	40	10
Pinkfoot	8212.228537583087	2016-10-03T14:25:00Z	970	2016	40	10
Pinkfoot	1186.6561252566582	2016-10-03T17:30:00Z	310	2016	40	10
Pinkfoot	1178.0164092073671	2016-10-04T07:30:00Z	2180	2016	40	10
Pinkfoot	535.3266704887004	2016-10-04T07:30:00Z	4050	2016	40	10
Pinkfoot	9669.018892536902	2016-10-04T10:30:00Z	1250	2016	40	10
Pinkfoot	11762.886964490941	2016-10-04T12:00:00Z	120	2016	40	10
Pinkfoot	4813.432316587925	2016-10-04T12:20:00Z	102	2016	40	10
Pinkfoot	4493.864907609477	2016-10-04T12:45:00Z	65	2016	40	10
Pinkfoot	7992.501939702196	2016-10-04T13:10:00Z	1790	2016	40	10
Pinkfoot	2890.3887315752863	2016-10-04T15:20:00Z	85	2016	40	10
Pinkfoot	2519.229330417261	2016-10-04T15:35:00Z	235	2016	40	10
Pinkfoot	8099.665578439379	2016-10-05T10:45:00Z	580	2016	40	10
Pinkfoot	8322.666691147797	2016-10-05T11:55:00Z	1125	2016	40	10
Pinkfoot	9757.055566239309	2016-10-05T13:35:00Z	1200	2016	40	10
Pinkfoot	6802.485443466091	2016-10-05T14:35:00Z	76	2016	40	10
Pinkfoot	8828.4935427012515	2016-10-06T17:15:00Z	28	2016	40	10
Pinkfoot	8054.507832295537	2016-10-06T17:20:00Z	960	2016	40	10
Pinkfoot	4418.51604528381	2016-10-06T17:40:00Z	290	2016	40	10
Pinkfoot	2499.5068677770873	2016-10-06T17:45:00Z	1370	2016	40	10
Pinkfoot	1487.9267594563782	2016-10-06T17:45:00Z	530	2016	40	10
Pinkfoot	1421.094915736041	2016-10-06T17:45:00Z	3460	2016	40	10
Pinkfoot	2586.8980092799115	2016-10-06T18:00:00Z	30	2016	40	10
Pinkfoot	1070.8795269911968	2016-10-06T18:30:00Z	390	2016	40	10
Pinkfoot	1419.9157487400253	2016-10-07T07:30:00Z	6100	2016	41	10
Pinkfoot	1147.8461187424155	2016-10-07T07:30:00Z	2603	2016	41	10
Pinkfoot	3899.0553903404484	2016-10-07T08:55:00Z	1420	2016	41	10
Pinkfoot	2464.942234825952	2016-10-07T10:00:00Z	360	2016	41	10
Pinkfoot	1755.558552157385	2016-10-07T10:40:00Z	290	2016	41	10
Pinkfoot	6753.792214056463	2016-10-07T11:40:00Z	28	2016	41	10
Pinkfoot	8184.117991195042	2016-10-07T11:55:00Z	910	2016	41	10
Pinkfoot	8798.0748521932	2016-10-07T12:25:00Z	640	2016	41	10
Pinkfoot	8758.026137777135	2016-10-07T12:25:00Z	770	2016	41	10
Pinkfoot	6767.0475037556	2016-10-07T14:45:00Z	180	2016	41	10
Pinkfoot	8465.183921235463	2016-10-07T15:00:00Z	59	2016	41	10
Pinkfoot	11701.943416623892	2016-10-07T15:25:00Z	990	2016	41	10
Pinkfoot	4244.991916047996	2016-10-07T17:00:00Z	260	2016	41	10
Pinkfoot	7789.75407979524	2016-10-10T09:25:00Z	54	2016	41	10
Pinkfoot	3002.420583488652	2016-10-10T14:00:00Z	40	2016	41	10
Pinkfoot	2485.44890222464	2016-10-10T14:05:00Z	445	2016	41	10
Pinkfoot	8174.523813523439	2016-10-10T14:40:00Z	2200	2016	41	10
Pinkfoot	8606.838367045528	2016-10-10T15:25:00Z	450	2016	41	10
Pinkfoot	6862.7957357248015	2016-10-10T16:30:00Z	530	2016	41	10
Pinkfoot	1610.9823092654894	2016-10-11T07:45:00Z	1e3	2016	41	10
Pinkfoot	925.5508912521154	2016-10-11T07:45:00Z	310	2016	41	10
Pinkfoot	577.7184056928141	2016-10-11T07:45:00Z	2300	2016	41	10
Pinkfoot	8272.09511362605	2016-10-11T08:40:00Z	1600	2016	41	10
Pinkfoot	9852.68717609426	2016-10-11T09:00:00Z	1930	2016	41	10
Pinkfoot	9680.332993796934	2016-10-11T09:00:00Z	310	2016	41	10
Pinkfoot	4372.29101097074	2016-10-11T12:00:00Z	15	2016	41	10
Pinkfoot	4953.067705430414	2016-10-11T12:05:00Z	450	2016	41	10
Pinkfoot	7122.786524748972	2016-10-11T13:35:00Z	45	2016	41	10
Pinkfoot	6945.806164054043	2016-10-11T13:35:00Z	185	2016	41	10
Pinkfoot	7071.808735181662	2016-10-11T13:35:00Z	1730	2016	41	10
Pinkfoot	8330.173398933986	2016-10-11T15:20:00Z	480	2016	41	10
Pinkfoot	8700.645053533217	2016-10-11T15:20:00Z	184	2016	41	10
Pinkfoot	2651.9473337855025	2016-10-11T16:05:00Z	115	2016	41	10
Pinkfoot	2510.4528628303538	2016-10-11T16:20:00Z	325	2016	41	10
Pinkfoot	9433.270182180182	2016-10-15T13:35:00Z	235	2016	42	10
Pinkfoot	4920.419769067009	2016-10-15T14:55:00Z	780	2016	42	10
Pinkfoot	9539.950336095793	2016-10-15T15:50:00Z	9	2016	42	10
Pinkfoot	7206.620744191144	2016-10-15T16:40:00Z	330	2016	42	10
Pinkfoot	7118.543086673992	2016-10-16T08:45:00Z	345	2016	42	10
Pinkfoot	8267.77379883805	2016-10-16T10:10:00Z	1650	2016	42	10
Pinkfoot	8642.912461564994	2016-10-16T11:05:00Z	1360	2016	42	10
Pinkfoot	2814.21024707248	2016-10-16T12:10:00Z	510	2016	42	10
Pinkfoot	4778.599186515155	2016-10-16T12:45:00Z	1090	2016	42	10
Pinkfoot	7703.93733588252	2016-10-16T13:35:00Z	780	2016	42	10
Pinkfoot	8886.76281445156	2016-10-19T16:00:00Z	250	2016	42	10
Pinkfoot	2750.8525155900807	2016-10-19T16:50:00Z	870	2016	42	10
Pinkfoot	6887.523075103049	2016-10-20T13:10:00Z	460	2016	42	10
Pinkfoot	6025.501900933077	2016-10-20T13:40:00Z	580	2016	42	10
Pinkfoot	1542.237460007004	2016-10-21T07:45:00Z	1600	2016	43	10
Pinkfoot	700.055782458824	2016-10-21T07:45:00Z	2800	2016	43	10
Pinkfoot	7800.915195327612	2016-10-23T09:10:00Z	66	2016	43	10
Pinkfoot	13736.981902645215	2016-10-25T15:45:00Z	990	2016	43	10
Pinkfoot	13644.949103319728	2016-10-25T15:45:00Z	460	2016	43	10
Pinkfoot	9818.649400644541	2016-10-25T16:30:00Z	690	2016	43	10
Pinkfoot	7060.649379192623	2016-10-29T13:50:00Z	290	2016	44	10
Pinkfoot	8238.11798327974	2016-10-29T14:40:00Z	710	2016	44	10
Pinkfoot	7784.985308057231	2016-10-31T14:40:00Z	1020	2016	44	10
Pinkfoot	5785.224206165577	2016-11-02T08:10:00Z	145	2016	44	11
Pinkfoot	6414.0762766986545	2016-11-02T08:30:00Z	420	2016	44	11
Barnacle	1086.5578923860921	2014-09-22T19:00:00Z	2	2014	38	9
Barnacle	4589.0314323127395	2014-09-23T09:30:00Z	1	2014	38	9
Barnacle	1075.8211137394198	2014-09-24T17:40:00Z	1	2014	39	9
Barnacle	7652.07495655299	2014-09-25T15:35:00Z	2	2014	39	9
Barnacle	10157.374457048847	2014-09-27T13:15:00Z	2	2014	39	9
Barnacle	1171.049068771512	2014-09-29T09:25:00Z	1	2014	39	9
Barnacle	1766.5583320298235	2014-09-30T15:40:00Z	1	2014	39	9
Barnacle	1066.75181203447	2014-09-30T15:50:00Z	5	2014	39	9
Barnacle	5665.236801781635	2014-10-01T14:40:00Z	8	2014	40	10
Barnacle	5589.364136250386	2014-09-30T15:00:00Z	1	2014	39	9
Barnacle	7449.55908531967	2014-10-02T16:15:00Z	4	2014	40	10
Barnacle	872.7426706777734	2014-10-09T08:20:00Z	220	2014	41	10
Barnacle	11776.882432943059	2014-10-09T09:10:00Z	6	2014	41	10
Barnacle	11777.602045773576	2014-10-09T09:25:00Z	235	2014	41	10
Barnacle	1411.4681875792235	2014-10-11T08:20:00Z	175	2014	41	10
Barnacle	704.1047091367009	2014-10-11T08:40:00Z	525	2014	41	10
Barnacle	1094.3202184091067	2014-10-11T08:50:00Z	1990	2014	41	10
Barnacle	3343.465358221186	2014-10-13T14:00:00Z	40	2014	41	10
Barnacle	11041.015861557953	2014-10-14T09:20:00Z	2	2014	41	10
Barnacle	1468.1652913015137	2014-10-16T17:15:00Z	410	2014	42	10
Barnacle	11435.215353294203	2014-10-18T14:20:00Z	6	2014	42	10
Barnacle	6374.68976152785	2014-10-18T16:05:00Z	7	2014	42	10
Barnacle	8005.606650180627	2014-10-22T10:25:00Z	420	2014	43	10
Barnacle	4916.075158874559	2014-10-22T11:05:00Z	500	2014	43	10
Barnacle	6884.88655437056	2014-10-23T15:05:00Z	1e3	2014	43	10
Barnacle	4777.984248683669	2014-10-24T15:35:00Z	740	2014	43	10
Barnacle	3091.907527682596	2014-10-25T15:25:00Z	1210	2014	43	10
Barnacle	681.2189732878039	2014-10-26T07:15:00Z	2820	2014	43	10
Barnacle	12229.15913563056	2014-10-26T08:05:00Z	140	2014	43	10
Barnacle	12411.040725869221	2014-10-26T08:20:00Z	870	2014	43	10
Barnacle	12145.549595549777	2014-10-26T07:20:00Z	120	2014	43	10
Barnacle	11030.956552048072	2014-10-26T09:50:00Z	40	2014	43	10
Barnacle	4949.383440174638	2014-10-27T09:35:00Z	20	2014	43	10
Barnacle	814.351496160541	2014-10-29T07:25:00Z	690	2014	44	10
Barnacle	1114.0034765069192	2014-10-29T07:45:00Z	950	2014	44	10
Barnacle	897.1434858373215	2014-11-02T17:15:00Z	2e3	2014	44	11
Barnacle	1214.4257050407452	2015-09-26T11:05:00Z	1	2015	39	9
Barnacle	889.9730156995201	2015-09-27T09:35:00Z	8	2015	39	9
Barnacle	10044.258071804603	2015-09-28T09:40:00Z	1	2015	39	9
Barnacle	4145.738313512923	2015-09-28T16:50:00Z	13	2015	39	9
Barnacle	1049.8971268911394	2015-09-29T09:05:00Z	15	2015	39	9
Barnacle	1074.9263819207442	2015-09-30T16:35:00Z	22	2015	39	9
Barnacle	8042.193036347772	2015-10-02T17:00:00Z	1	2015	40	10
Barnacle	7208.588254674981	2015-10-03T08:35:00Z	6	2015	40	10
Barnacle	8926.076873838017	2015-10-03T10:35:00Z	1	2015	40	10
Barnacle	900.8724575541858	2015-10-03T13:30:00Z	95	2015	40	10
Barnacle	834.5542608398856	2015-10-05T16:30:00Z	7	2015	40	10
Barnacle	886.0536960074369	2015-10-05T17:15:00Z	480	2015	40	10
Barnacle	8308.21665926096	2015-10-06T15:40:00Z	3	2015	40	10
Barnacle	4682.816872880822	2015-10-06T16:35:00Z	2	2015	40	10
Barnacle	3047.4643140259755	2015-10-06T18:00:00Z	15	2015	40	10
Barnacle	7687.639163937958	2015-10-08T12:35:00Z	2	2015	41	10
Barnacle	7779.259490913366	2015-10-08T13:50:00Z	2	2015	41	10
Barnacle	8003.933568283964	2015-10-08T13:50:00Z	16	2015	41	10
Barnacle	2471.3096495160185	2015-10-08T15:40:00Z	120	2015	41	10
Barnacle	4625.661882079889	2015-10-08T16:40:00Z	150	2015	41	10
Barnacle	5778.80656156591	2015-10-08T17:25:00Z	1	2015	41	10
Barnacle	7633.182880557311	2015-10-09T13:25:00Z	2	2015	41	10
Barnacle	5762.9563296935385	2015-10-09T14:15:00Z	1	2015	41	10
Barnacle	4689.813040747257	2015-10-09T15:50:00Z	150	2015	41	10
Barnacle	4749.926087651484	2015-10-09T16:15:00Z	35	2015	41	10
Barnacle	12206.164344875817	2015-10-10T16:35:00Z	4	2015	41	10
Barnacle	8473.79683919209	2015-10-10T17:20:00Z	50	2015	41	10
Barnacle	8085.380333175068	2015-10-10T17:55:00Z	5	2015	41	10
Barnacle	6072.41222789966	2015-10-11T12:40:00Z	115	2015	41	10
Barnacle	4606.466924470225	2015-10-13T13:40:00Z	105	2015	41	10
Barnacle	7891.0283648589675	2015-10-13T14:55:00Z	4	2015	41	10
Barnacle	11779.288791256055	2015-10-13T15:55:00Z	450	2015	41	10
Barnacle	1387.1917158424471	2015-10-14T13:15:00Z	660	2015	41	10
Barnacle	4502.841376605291	2015-10-14T13:45:00Z	15	2015	41	10
Barnacle	4567.880338505387	2015-10-14T14:35:00Z	25	2015	41	10
Barnacle	11710.919752443664	2015-10-14T15:45:00Z	4	2015	41	10
Barnacle	1576.0920897853703	2015-10-16T16:45:00Z	60	2015	42	10
Barnacle	861.2603409647908	2015-10-16T17:25:00Z	180	2015	42	10
Barnacle	1626.9514117628617	2015-10-18T08:00:00Z	700	2015	42	10
Barnacle	1247.2609689222772	2015-10-18T08:25:00Z	360	2015	42	10
Barnacle	14033.871810780052	2015-10-18T10:00:00Z	200	2015	42	10
Barnacle	6547.274732212574	2015-10-18T14:30:00Z	100	2015	42	10
Barnacle	8372.724027521454	2015-10-18T15:25:00Z	45	2015	42	10
Barnacle	11757.856139420932	2015-10-20T08:45:00Z	90	2015	42	10
Barnacle	1048.8987211761687	2015-10-20T17:30:00Z	970	2015	42	10
Barnacle	1047.855786402458	2015-10-21T08:05:00Z	1740	2015	42	10
Barnacle	6236.14824535913	2015-10-21T10:40:00Z	45	2015	42	10
Barnacle	8892.682941442932	2015-10-23T15:10:00Z	8	2015	43	10
Barnacle	6674.997978936163	2015-10-23T15:35:00Z	7	2015	43	10
Barnacle	937.7050330533955	2015-10-23T17:25:00Z	7	2015	43	10
Barnacle	1092.899439411033	2015-10-24T08:30:00Z	1350	2015	43	10
Barnacle	14092.614416477143	2015-10-24T10:25:00Z	350	2015	43	10
Barnacle	8075.669154774459	2015-10-26T14:50:00Z	250	2015	43	10
Barnacle	929.4172945289617	2015-10-26T16:20:00Z	20	2015	43	10
Barnacle	8725.86006442529	2015-10-28T08:20:00Z	530	2015	43	10
Barnacle	7216.932844359168	2015-10-28T16:35:00Z	24	2015	43	10
Barnacle	1940.084768334466	2015-10-30T07:30:00Z	3e3	2015	44	10
Barnacle	6220.908567728517	2015-10-30T09:35:00Z	1290	2015	44	10
Barnacle	6140.10219253077	2015-10-31T10:45:00Z	870	2015	44	10
Barnacle	10074.760006009365	2015-11-03T09:40:00Z	340	2015	44	11
Barnacle	1549.3835221938648	2015-11-03T07:20:00Z	4500	2015	44	11
Barnacle	1785.4613838240166	2016-09-19T15:05:00Z	50	2016	38	9
Barnacle	1462.8320858947316	2016-09-19T17:10:00Z	1	2016	38	9
Barnacle	1264.030615427649	2016-09-19T17:20:00Z	55	2016	38	9
Barnacle	1045.6189110490293	2016-09-19T17:45:00Z	35	2016	38	9
Barnacle	675.8419341281474	2016-09-22T07:25:00Z	30	2016	38	9
Barnacle	1907.9701738111412	2016-09-23T08:40:00Z	29	2016	39	9
Barnacle	4956.976991929874	2016-09-27T10:00:00Z	26	2016	39	9
Barnacle	1467.2696755351	2016-10-03T13:30:00Z	45	2016	40	10
Barnacle	1186.6561252566582	2016-10-03T17:30:00Z	160	2016	40	10
Barnacle	1178.0164092073671	2016-10-04T07:30:00Z	290	2016	40	10
Barnacle	535.3266704887004	2016-10-04T07:30:00Z	100	2016	40	10
Barnacle	4493.864907609477	2016-10-04T12:45:00Z	1	2016	40	10
Barnacle	8322.666691147797	2016-10-05T11:55:00Z	1	2016	40	10
Barnacle	1421.094915736041	2016-10-06T17:45:00Z	50	2016	40	10
Barnacle	1419.9157487400253	2016-10-07T07:30:00Z	7	2016	41	10
Barnacle	1147.8461187424155	2016-10-07T07:30:00Z	3	2016	41	10
Barnacle	3899.0553903404484	2016-10-07T08:55:00Z	7	2016	41	10
Barnacle	2464.942234825952	2016-10-07T10:00:00Z	30	2016	41	10
Barnacle	1755.558552157385	2016-10-07T10:40:00Z	15	2016	41	10
Barnacle	8184.117991195042	2016-10-07T11:55:00Z	1	2016	41	10
Barnacle	8174.523813523439	2016-10-10T14:40:00Z	50	2016	41	10
Barnacle	6862.7957357248015	2016-10-10T16:30:00Z	15	2016	41	10
Barnacle	1610.9823092654894	2016-10-11T07:45:00Z	80	2016	41	10
Barnacle	925.5508912521154	2016-10-11T07:45:00Z	15	2016	41	10
Barnacle	577.7184056928141	2016-10-11T07:45:00Z	70	2016	41	10
Barnacle	8272.09511362605	2016-10-11T08:40:00Z	20	2016	41	10
Barnacle	9852.68717609426	2016-10-11T09:00:00Z	60	2016	41	10
Barnacle	6945.806164054043	2016-10-11T13:35:00Z	3	2016	41	10
Barnacle	7071.808735181662	2016-10-11T13:35:00Z	35	2016	41	10
Barnacle	2651.9473337855025	2016-10-11T16:05:00Z	25	2016	41	10
Barnacle	9433.270182180182	2016-10-15T13:35:00Z	3	2016	42	10
Barnacle	4920.419769067009	2016-10-15T14:55:00Z	25	2016	42	10
Barnacle	7206.620744191144	2016-10-15T16:40:00Z	3	2016	42	10
Barnacle	8267.77379883805	2016-10-16T10:10:00Z	12	2016	42	10
Barnacle	8642.912461564994	2016-10-16T11:05:00Z	4	2016	42	10
Barnacle	2814.21024707248	2016-10-16T12:10:00Z	650	2016	42	10
Barnacle	4778.599186515155	2016-10-16T12:45:00Z	40	2016	42	10
Barnacle	2750.8525155900807	2016-10-19T16:50:00Z	300	2016	42	10
Barnacle	6887.523075103049	2016-10-20T13:10:00Z	15	2016	42	10
Barnacle	6025.501900933077	2016-10-20T13:40:00Z	290	2016	42	10
Barnacle	1542.237460007004	2016-10-21T07:45:00Z	200	2016	43	10
Barnacle	700.055782458824	2016-10-21T07:45:00Z	650	2016	43	10
Barnacle	13644.949103319728	2016-10-25T15:45:00Z	50	2016	43	10
Barnacle	9818.649400644541	2016-10-25T16:30:00Z	2	2016	43	10
Barnacle	7060.649379192623	2016-10-29T13:50:00Z	105	2016	44	10
Barnacle	8238.11798327974	2016-10-29T14:40:00Z	4	2016	44	10
Barnacle	7784.985308057231	2016-10-31T14:40:00Z	1060	2016	44	10
Barnacle	6414.0762766986545	2016-11-02T08:30:00Z	120	2016	44	11
